PRAGMA foreign_keys=OFF;
BEGIN TRANSACTION;
CREATE TABLE IF NOT EXISTS "django_migrations" ("id" integer NOT NULL PRIMARY KEY AUTOINCREMENT, "app" varchar(255) NOT NULL, "name" varchar(255) NOT NULL, "applied" datetime NOT NULL);
INSERT INTO django_migrations VALUES(1,'contenttypes','0001_initial','2024-12-02 10:44:25.007210');
INSERT INTO django_migrations VALUES(2,'auth','0001_initial','2024-12-02 10:44:25.018851');
INSERT INTO django_migrations VALUES(3,'admin','0001_initial','2024-12-02 10:44:25.026485');
INSERT INTO django_migrations VALUES(4,'admin','0002_logentry_remove_auto_add','2024-12-02 10:44:25.033892');
INSERT INTO django_migrations VALUES(5,'admin','0003_logentry_add_action_flag_choices','2024-12-02 10:44:25.038466');
INSERT INTO django_migrations VALUES(6,'contenttypes','0002_remove_content_type_name','2024-12-02 10:44:25.049659');
INSERT INTO django_migrations VALUES(7,'auth','0002_alter_permission_name_max_length','2024-12-02 10:44:25.056977');
INSERT INTO django_migrations VALUES(8,'auth','0003_alter_user_email_max_length','2024-12-02 10:44:25.063085');
INSERT INTO django_migrations VALUES(9,'auth','0004_alter_user_username_opts','2024-12-02 10:44:25.067158');
INSERT INTO django_migrations VALUES(10,'auth','0005_alter_user_last_login_null','2024-12-02 10:44:25.074261');
INSERT INTO django_migrations VALUES(11,'auth','0006_require_contenttypes_0002','2024-12-02 10:44:25.075771');
INSERT INTO django_migrations VALUES(12,'auth','0007_alter_validators_add_error_messages','2024-12-02 10:44:25.080065');
INSERT INTO django_migrations VALUES(13,'auth','0008_alter_user_username_max_length','2024-12-02 10:44:25.087194');
INSERT INTO django_migrations VALUES(14,'auth','0009_alter_user_last_name_max_length','2024-12-02 10:44:25.092991');
INSERT INTO django_migrations VALUES(15,'auth','0010_alter_group_name_max_length','2024-12-02 10:44:25.099252');
INSERT INTO django_migrations VALUES(16,'auth','0011_update_proxy_permissions','2024-12-02 10:44:25.103638');
INSERT INTO django_migrations VALUES(17,'auth','0012_alter_user_first_name_max_length','2024-12-02 10:44:25.110289');
INSERT INTO django_migrations VALUES(18,'rooms','0001_initial','2024-12-02 10:44:25.115658');
INSERT INTO django_migrations VALUES(19,'sessions','0001_initial','2024-12-02 10:44:25.119893');
INSERT INTO django_migrations VALUES(20,'rooms','0002_remove_room_price_per_night','2024-12-03 11:08:05.026218');
INSERT INTO django_migrations VALUES(21,'rooms','0003_room_booking_url','2024-12-03 11:08:55.413252');
INSERT INTO django_migrations VALUES(22,'rooms','0004_remove_reservation_total_price','2024-12-03 11:09:32.917765');
INSERT INTO django_migrations VALUES(23,'rooms','0005_remove_room_booking_url_roomimage','2024-12-05 15:09:34.460051');
INSERT INTO django_migrations VALUES(24,'rooms','0006_reservation_stripe_payment_id','2024-12-13 14:07:54.416999');
CREATE TABLE IF NOT EXISTS "auth_group_permissions" ("id" integer NOT NULL PRIMARY KEY AUTOINCREMENT, "group_id" integer NOT NULL REFERENCES "auth_group" ("id") DEFERRABLE INITIALLY DEFERRED, "permission_id" integer NOT NULL REFERENCES "auth_permission" ("id") DEFERRABLE INITIALLY DEFERRED);
CREATE TABLE IF NOT EXISTS "auth_user_groups" ("id" integer NOT NULL PRIMARY KEY AUTOINCREMENT, "user_id" integer NOT NULL REFERENCES "auth_user" ("id") DEFERRABLE INITIALLY DEFERRED, "group_id" integer NOT NULL REFERENCES "auth_group" ("id") DEFERRABLE INITIALLY DEFERRED);
CREATE TABLE IF NOT EXISTS "auth_user_user_permissions" ("id" integer NOT NULL PRIMARY KEY AUTOINCREMENT, "user_id" integer NOT NULL REFERENCES "auth_user" ("id") DEFERRABLE INITIALLY DEFERRED, "permission_id" integer NOT NULL REFERENCES "auth_permission" ("id") DEFERRABLE INITIALLY DEFERRED);
CREATE TABLE IF NOT EXISTS "django_admin_log" ("id" integer NOT NULL PRIMARY KEY AUTOINCREMENT, "object_id" text NULL, "object_repr" varchar(200) NOT NULL, "action_flag" smallint unsigned NOT NULL CHECK ("action_flag" >= 0), "change_message" text NOT NULL, "content_type_id" integer NULL REFERENCES "django_content_type" ("id") DEFERRABLE INITIALLY DEFERRED, "user_id" integer NOT NULL REFERENCES "auth_user" ("id") DEFERRABLE INITIALLY DEFERRED, "action_time" datetime NOT NULL);
INSERT INTO django_admin_log VALUES(1,'9','101',1,'[{"added": {}}]',7,1,'2024-12-03 11:14:45.289906');
INSERT INTO django_admin_log VALUES(2,'9','101',3,'',7,1,'2024-12-03 11:14:59.586220');
INSERT INTO django_admin_log VALUES(3,'1','Pokoj 101',2,'[{"changed": {"fields": ["Description"]}}]',7,1,'2024-12-10 12:53:11.191146');
INSERT INTO django_admin_log VALUES(4,'8','Pokoj 402',2,'[{"changed": {"fields": ["Description", "Image"]}}, {"added": {"name": "room image", "object": "Image for Pokoj 402"}}, {"added": {"name": "room image", "object": "Image for Pokoj 402"}}, {"added": {"name": "room image", "object": "Image for Pokoj 402"}}, {"added": {"name": "room image", "object": "Image for Pokoj 402"}}, {"added": {"name": "room image", "object": "Image for Pokoj 402"}}, {"added": {"name": "room image", "object": "Image for Pokoj 402"}}, {"added": {"name": "room image", "object": "Image for Pokoj 402"}}, {"added": {"name": "room image", "object": "Image for Pokoj 402"}}, {"added": {"name": "room image", "object": "Image for Pokoj 402"}}, {"added": {"name": "room image", "object": "Image for Pokoj 402"}}]',7,1,'2024-12-10 12:57:29.264772');
INSERT INTO django_admin_log VALUES(5,'7','Pokoj 401',2,'[{"changed": {"fields": ["Description", "Image"]}}, {"added": {"name": "room image", "object": "Image for Pokoj 401"}}, {"added": {"name": "room image", "object": "Image for Pokoj 401"}}, {"added": {"name": "room image", "object": "Image for Pokoj 401"}}, {"added": {"name": "room image", "object": "Image for Pokoj 401"}}, {"added": {"name": "room image", "object": "Image for Pokoj 401"}}, {"added": {"name": "room image", "object": "Image for Pokoj 401"}}, {"added": {"name": "room image", "object": "Image for Pokoj 401"}}, {"added": {"name": "room image", "object": "Image for Pokoj 401"}}, {"added": {"name": "room image", "object": "Image for Pokoj 401"}}, {"added": {"name": "room image", "object": "Image for Pokoj 401"}}, {"added": {"name": "room image", "object": "Image for Pokoj 401"}}, {"added": {"name": "room image", "object": "Image for Pokoj 401"}}, {"added": {"name": "room image", "object": "Image for Pokoj 401"}}]',7,1,'2024-12-10 13:02:12.396360');
INSERT INTO django_admin_log VALUES(6,'4','Pokoj 202',2,'[{"changed": {"fields": ["Description", "Image"]}}, {"added": {"name": "room image", "object": "Image for Pokoj 202"}}, {"added": {"name": "room image", "object": "Image for Pokoj 202"}}, {"added": {"name": "room image", "object": "Image for Pokoj 202"}}, {"added": {"name": "room image", "object": "Image for Pokoj 202"}}, {"added": {"name": "room image", "object": "Image for Pokoj 202"}}, {"added": {"name": "room image", "object": "Image for Pokoj 202"}}, {"added": {"name": "room image", "object": "Image for Pokoj 202"}}, {"added": {"name": "room image", "object": "Image for Pokoj 202"}}, {"added": {"name": "room image", "object": "Image for Pokoj 202"}}, {"added": {"name": "room image", "object": "Image for Pokoj 202"}}, {"added": {"name": "room image", "object": "Image for Pokoj 202"}}, {"added": {"name": "room image", "object": "Image for Pokoj 202"}}, {"added": {"name": "room image", "object": "Image for Pokoj 202"}}, {"added": {"name": "room image", "object": "Image for Pokoj 202"}}]',7,1,'2024-12-10 13:09:21.095724');
INSERT INTO django_admin_log VALUES(7,'6','Pokoj 302',2,'[{"changed": {"fields": ["Description", "Image"]}}, {"added": {"name": "room image", "object": "Image for Pokoj 302"}}, {"added": {"name": "room image", "object": "Image for Pokoj 302"}}, {"added": {"name": "room image", "object": "Image for Pokoj 302"}}, {"added": {"name": "room image", "object": "Image for Pokoj 302"}}, {"added": {"name": "room image", "object": "Image for Pokoj 302"}}, {"added": {"name": "room image", "object": "Image for Pokoj 302"}}, {"added": {"name": "room image", "object": "Image for Pokoj 302"}}, {"added": {"name": "room image", "object": "Image for Pokoj 302"}}, {"added": {"name": "room image", "object": "Image for Pokoj 302"}}, {"added": {"name": "room image", "object": "Image for Pokoj 302"}}, {"added": {"name": "room image", "object": "Image for Pokoj 302"}}, {"added": {"name": "room image", "object": "Image for Pokoj 302"}}, {"added": {"name": "room image", "object": "Image for Pokoj 302"}}, {"added": {"name": "room image", "object": "Image for Pokoj 302"}}]',7,1,'2024-12-10 13:11:09.679603');
INSERT INTO django_admin_log VALUES(8,'8','Pokoj 402',2,'[]',7,1,'2024-12-10 13:22:59.987884');
INSERT INTO django_admin_log VALUES(9,'7','Pokoj 401',2,'[]',7,1,'2024-12-10 13:23:16.474750');
INSERT INTO django_admin_log VALUES(10,'8','Pokoj 402',2,'[{"changed": {"fields": ["Image"]}}]',7,1,'2024-12-10 13:23:54.754816');
INSERT INTO django_admin_log VALUES(11,'8','Pokoj 402',2,'[{"changed": {"name": "room image", "object": "Image for Pokoj 402", "fields": ["Image"]}}, {"changed": {"name": "room image", "object": "Image for Pokoj 402", "fields": ["Image"]}}, {"changed": {"name": "room image", "object": "Image for Pokoj 402", "fields": ["Image"]}}, {"changed": {"name": "room image", "object": "Image for Pokoj 402", "fields": ["Image"]}}, {"changed": {"name": "room image", "object": "Image for Pokoj 402", "fields": ["Image"]}}, {"changed": {"name": "room image", "object": "Image for Pokoj 402", "fields": ["Image"]}}, {"changed": {"name": "room image", "object": "Image for Pokoj 402", "fields": ["Image"]}}, {"changed": {"name": "room image", "object": "Image for Pokoj 402", "fields": ["Image"]}}, {"changed": {"name": "room image", "object": "Image for Pokoj 402", "fields": ["Image"]}}, {"changed": {"name": "room image", "object": "Image for Pokoj 402", "fields": ["Image"]}}]',7,1,'2024-12-10 13:24:42.984841');
INSERT INTO django_admin_log VALUES(12,'7','Pokoj 401',2,'[{"changed": {"fields": ["Image"]}}, {"changed": {"name": "room image", "object": "Image for Pokoj 401", "fields": ["Image"]}}, {"changed": {"name": "room image", "object": "Image for Pokoj 401", "fields": ["Image"]}}, {"changed": {"name": "room image", "object": "Image for Pokoj 401", "fields": ["Image"]}}, {"changed": {"name": "room image", "object": "Image for Pokoj 401", "fields": ["Image"]}}, {"changed": {"name": "room image", "object": "Image for Pokoj 401", "fields": ["Image"]}}, {"changed": {"name": "room image", "object": "Image for Pokoj 401", "fields": ["Image"]}}, {"changed": {"name": "room image", "object": "Image for Pokoj 401", "fields": ["Image"]}}, {"changed": {"name": "room image", "object": "Image for Pokoj 401", "fields": ["Image"]}}, {"changed": {"name": "room image", "object": "Image for Pokoj 401", "fields": ["Image"]}}, {"changed": {"name": "room image", "object": "Image for Pokoj 401", "fields": ["Image"]}}, {"changed": {"name": "room image", "object": "Image for Pokoj 401", "fields": ["Image"]}}, {"changed": {"name": "room image", "object": "Image for Pokoj 401", "fields": ["Image"]}}, {"changed": {"name": "room image", "object": "Image for Pokoj 401", "fields": ["Image"]}}]',7,1,'2024-12-10 13:36:12.116947');
INSERT INTO django_admin_log VALUES(13,'6','Pokoj 302',2,'[{"changed": {"fields": ["Image"]}}, {"changed": {"name": "room image", "object": "Image for Pokoj 302", "fields": ["Image"]}}, {"changed": {"name": "room image", "object": "Image for Pokoj 302", "fields": ["Image"]}}, {"changed": {"name": "room image", "object": "Image for Pokoj 302", "fields": ["Image"]}}, {"changed": {"name": "room image", "object": "Image for Pokoj 302", "fields": ["Image"]}}, {"changed": {"name": "room image", "object": "Image for Pokoj 302", "fields": ["Image"]}}, {"changed": {"name": "room image", "object": "Image for Pokoj 302", "fields": ["Image"]}}, {"changed": {"name": "room image", "object": "Image for Pokoj 302", "fields": ["Image"]}}, {"changed": {"name": "room image", "object": "Image for Pokoj 302", "fields": ["Image"]}}, {"changed": {"name": "room image", "object": "Image for Pokoj 302", "fields": ["Image"]}}, {"changed": {"name": "room image", "object": "Image for Pokoj 302", "fields": ["Image"]}}, {"changed": {"name": "room image", "object": "Image for Pokoj 302", "fields": ["Image"]}}, {"changed": {"name": "room image", "object": "Image for Pokoj 302", "fields": ["Image"]}}, {"changed": {"name": "room image", "object": "Image for Pokoj 302", "fields": ["Image"]}}, {"changed": {"name": "room image", "object": "Image for Pokoj 302", "fields": ["Image"]}}]',7,1,'2024-12-10 13:38:42.783371');
INSERT INTO django_admin_log VALUES(14,'4','Pokoj 202',2,'[{"changed": {"fields": ["Image"]}}, {"changed": {"name": "room image", "object": "Image for Pokoj 202", "fields": ["Image"]}}, {"changed": {"name": "room image", "object": "Image for Pokoj 202", "fields": ["Image"]}}, {"changed": {"name": "room image", "object": "Image for Pokoj 202", "fields": ["Image"]}}, {"changed": {"name": "room image", "object": "Image for Pokoj 202", "fields": ["Image"]}}, {"changed": {"name": "room image", "object": "Image for Pokoj 202", "fields": ["Image"]}}, {"changed": {"name": "room image", "object": "Image for Pokoj 202", "fields": ["Image"]}}, {"changed": {"name": "room image", "object": "Image for Pokoj 202", "fields": ["Image"]}}, {"changed": {"name": "room image", "object": "Image for Pokoj 202", "fields": ["Image"]}}, {"changed": {"name": "room image", "object": "Image for Pokoj 202", "fields": ["Image"]}}, {"changed": {"name": "room image", "object": "Image for Pokoj 202", "fields": ["Image"]}}, {"changed": {"name": "room image", "object": "Image for Pokoj 202", "fields": ["Image"]}}, {"changed": {"name": "room image", "object": "Image for Pokoj 202", "fields": ["Image"]}}, {"changed": {"name": "room image", "object": "Image for Pokoj 202", "fields": ["Image"]}}, {"changed": {"name": "room image", "object": "Image for Pokoj 202", "fields": ["Image"]}}]',7,1,'2024-12-10 13:40:00.894052');
INSERT INTO django_admin_log VALUES(15,'3','Pokoj 201',2,'[{"changed": {"fields": ["Description", "Image"]}}, {"added": {"name": "room image", "object": "Image for Pokoj 201"}}, {"added": {"name": "room image", "object": "Image for Pokoj 201"}}, {"added": {"name": "room image", "object": "Image for Pokoj 201"}}, {"added": {"name": "room image", "object": "Image for Pokoj 201"}}, {"added": {"name": "room image", "object": "Image for Pokoj 201"}}, {"added": {"name": "room image", "object": "Image for Pokoj 201"}}, {"added": {"name": "room image", "object": "Image for Pokoj 201"}}, {"added": {"name": "room image", "object": "Image for Pokoj 201"}}, {"added": {"name": "room image", "object": "Image for Pokoj 201"}}, {"added": {"name": "room image", "object": "Image for Pokoj 201"}}, {"added": {"name": "room image", "object": "Image for Pokoj 201"}}, {"added": {"name": "room image", "object": "Image for Pokoj 201"}}, {"added": {"name": "room image", "object": "Image for Pokoj 201"}}, {"added": {"name": "room image", "object": "Image for Pokoj 201"}}, {"added": {"name": "room image", "object": "Image for Pokoj 201"}}, {"added": {"name": "room image", "object": "Image for Pokoj 201"}}]',7,1,'2024-12-12 14:26:58.087769');
INSERT INTO django_admin_log VALUES(16,'5','Pokoj 301',2,'[{"changed": {"fields": ["Description", "Image"]}}, {"added": {"name": "room image", "object": "Image for Pokoj 301"}}, {"added": {"name": "room image", "object": "Image for Pokoj 301"}}, {"added": {"name": "room image", "object": "Image for Pokoj 301"}}, {"added": {"name": "room image", "object": "Image for Pokoj 301"}}, {"added": {"name": "room image", "object": "Image for Pokoj 301"}}, {"added": {"name": "room image", "object": "Image for Pokoj 301"}}, {"added": {"name": "room image", "object": "Image for Pokoj 301"}}, {"added": {"name": "room image", "object": "Image for Pokoj 301"}}, {"added": {"name": "room image", "object": "Image for Pokoj 301"}}, {"added": {"name": "room image", "object": "Image for Pokoj 301"}}, {"added": {"name": "room image", "object": "Image for Pokoj 301"}}, {"added": {"name": "room image", "object": "Image for Pokoj 301"}}, {"added": {"name": "room image", "object": "Image for Pokoj 301"}}, {"added": {"name": "room image", "object": "Image for Pokoj 301"}}, {"added": {"name": "room image", "object": "Image for Pokoj 301"}}]',7,1,'2024-12-12 14:28:14.715913');
INSERT INTO django_admin_log VALUES(17,'2','Pokoj 102',2,'[{"changed": {"fields": ["Description", "Image"]}}, {"added": {"name": "room image", "object": "Image for Pokoj 102"}}, {"added": {"name": "room image", "object": "Image for Pokoj 102"}}, {"added": {"name": "room image", "object": "Image for Pokoj 102"}}, {"added": {"name": "room image", "object": "Image for Pokoj 102"}}, {"added": {"name": "room image", "object": "Image for Pokoj 102"}}, {"added": {"name": "room image", "object": "Image for Pokoj 102"}}, {"added": {"name": "room image", "object": "Image for Pokoj 102"}}, {"added": {"name": "room image", "object": "Image for Pokoj 102"}}]',7,1,'2024-12-12 14:31:10.384289');
INSERT INTO django_admin_log VALUES(18,'1','Pokoj 101',2,'[{"changed": {"fields": ["Image"]}}, {"added": {"name": "room image", "object": "Image for Pokoj 101"}}, {"added": {"name": "room image", "object": "Image for Pokoj 101"}}, {"added": {"name": "room image", "object": "Image for Pokoj 101"}}, {"added": {"name": "room image", "object": "Image for Pokoj 101"}}, {"added": {"name": "room image", "object": "Image for Pokoj 101"}}, {"added": {"name": "room image", "object": "Image for Pokoj 101"}}, {"added": {"name": "room image", "object": "Image for Pokoj 101"}}, {"added": {"name": "room image", "object": "Image for Pokoj 101"}}, {"added": {"name": "room image", "object": "Image for Pokoj 101"}}, {"added": {"name": "room image", "object": "Image for Pokoj 101"}}, {"added": {"name": "room image", "object": "Image for Pokoj 101"}}, {"added": {"name": "room image", "object": "Image for Pokoj 101"}}, {"added": {"name": "room image", "object": "Image for Pokoj 101"}}, {"added": {"name": "room image", "object": "Image for Pokoj 101"}}]',7,1,'2024-12-12 14:36:55.599275');
INSERT INTO django_admin_log VALUES(19,'8','Pokoj 402',2,'[{"changed": {"fields": ["Image"]}}]',7,1,'2024-12-13 15:45:48.768286');
INSERT INTO django_admin_log VALUES(20,'3','Pokoj 201',2,'[{"changed": {"fields": ["Image"]}}]',7,1,'2024-12-13 15:49:43.198887');
INSERT INTO django_admin_log VALUES(21,'4','Pokoj 202',2,'[{"changed": {"fields": ["Image"]}}]',7,1,'2024-12-13 15:56:11.932334');
INSERT INTO django_admin_log VALUES(22,'104','Image for Pokoj 101',3,'',9,1,'2024-12-17 10:00:39.525548');
INSERT INTO django_admin_log VALUES(23,'103','Image for Pokoj 101',3,'',9,1,'2024-12-17 10:00:39.525609');
INSERT INTO django_admin_log VALUES(24,'102','Image for Pokoj 101',3,'',9,1,'2024-12-17 10:00:39.525644');
INSERT INTO django_admin_log VALUES(25,'101','Image for Pokoj 101',3,'',9,1,'2024-12-17 10:00:39.525675');
INSERT INTO django_admin_log VALUES(26,'100','Image for Pokoj 101',3,'',9,1,'2024-12-17 10:00:39.525705');
INSERT INTO django_admin_log VALUES(27,'99','Image for Pokoj 101',3,'',9,1,'2024-12-17 10:00:39.525734');
INSERT INTO django_admin_log VALUES(28,'98','Image for Pokoj 101',3,'',9,1,'2024-12-17 10:00:39.525787');
INSERT INTO django_admin_log VALUES(29,'97','Image for Pokoj 101',3,'',9,1,'2024-12-17 10:00:39.525817');
INSERT INTO django_admin_log VALUES(30,'96','Image for Pokoj 101',3,'',9,1,'2024-12-17 10:00:39.525845');
INSERT INTO django_admin_log VALUES(31,'95','Image for Pokoj 101',3,'',9,1,'2024-12-17 10:00:39.525873');
INSERT INTO django_admin_log VALUES(32,'94','Image for Pokoj 101',3,'',9,1,'2024-12-17 10:00:39.525899');
INSERT INTO django_admin_log VALUES(33,'93','Image for Pokoj 101',3,'',9,1,'2024-12-17 10:00:39.525926');
INSERT INTO django_admin_log VALUES(34,'92','Image for Pokoj 101',3,'',9,1,'2024-12-17 10:00:39.525951');
INSERT INTO django_admin_log VALUES(35,'91','Image for Pokoj 101',3,'',9,1,'2024-12-17 10:00:39.525976');
INSERT INTO django_admin_log VALUES(36,'90','Image for Pokoj 102',3,'',9,1,'2024-12-17 10:00:39.526000');
INSERT INTO django_admin_log VALUES(37,'89','Image for Pokoj 102',3,'',9,1,'2024-12-17 10:00:39.526025');
INSERT INTO django_admin_log VALUES(38,'88','Image for Pokoj 102',3,'',9,1,'2024-12-17 10:00:39.526058');
INSERT INTO django_admin_log VALUES(39,'87','Image for Pokoj 102',3,'',9,1,'2024-12-17 10:00:39.526088');
INSERT INTO django_admin_log VALUES(40,'86','Image for Pokoj 102',3,'',9,1,'2024-12-17 10:00:39.526113');
INSERT INTO django_admin_log VALUES(41,'85','Image for Pokoj 102',3,'',9,1,'2024-12-17 10:00:39.526137');
INSERT INTO django_admin_log VALUES(42,'84','Image for Pokoj 102',3,'',9,1,'2024-12-17 10:00:39.526161');
INSERT INTO django_admin_log VALUES(43,'83','Image for Pokoj 102',3,'',9,1,'2024-12-17 10:00:39.526185');
INSERT INTO django_admin_log VALUES(44,'82','Image for Pokoj 301',3,'',9,1,'2024-12-17 10:00:39.526209');
INSERT INTO django_admin_log VALUES(45,'81','Image for Pokoj 301',3,'',9,1,'2024-12-17 10:00:39.526234');
INSERT INTO django_admin_log VALUES(46,'80','Image for Pokoj 301',3,'',9,1,'2024-12-17 10:00:39.526258');
INSERT INTO django_admin_log VALUES(47,'79','Image for Pokoj 301',3,'',9,1,'2024-12-17 10:00:39.526282');
INSERT INTO django_admin_log VALUES(48,'78','Image for Pokoj 301',3,'',9,1,'2024-12-17 10:00:39.526308');
INSERT INTO django_admin_log VALUES(49,'77','Image for Pokoj 301',3,'',9,1,'2024-12-17 10:00:39.526332');
INSERT INTO django_admin_log VALUES(50,'76','Image for Pokoj 301',3,'',9,1,'2024-12-17 10:00:39.526356');
INSERT INTO django_admin_log VALUES(51,'75','Image for Pokoj 301',3,'',9,1,'2024-12-17 10:00:39.526380');
INSERT INTO django_admin_log VALUES(52,'74','Image for Pokoj 301',3,'',9,1,'2024-12-17 10:00:39.526403');
INSERT INTO django_admin_log VALUES(53,'73','Image for Pokoj 301',3,'',9,1,'2024-12-17 10:00:39.526426');
INSERT INTO django_admin_log VALUES(54,'72','Image for Pokoj 301',3,'',9,1,'2024-12-17 10:00:39.526449');
INSERT INTO django_admin_log VALUES(55,'71','Image for Pokoj 301',3,'',9,1,'2024-12-17 10:00:39.526474');
INSERT INTO django_admin_log VALUES(56,'70','Image for Pokoj 301',3,'',9,1,'2024-12-17 10:00:39.526498');
INSERT INTO django_admin_log VALUES(57,'69','Image for Pokoj 301',3,'',9,1,'2024-12-17 10:00:39.526540');
INSERT INTO django_admin_log VALUES(58,'68','Image for Pokoj 301',3,'',9,1,'2024-12-17 10:00:39.526564');
INSERT INTO django_admin_log VALUES(59,'67','Image for Pokoj 201',3,'',9,1,'2024-12-17 10:00:39.526587');
INSERT INTO django_admin_log VALUES(60,'66','Image for Pokoj 201',3,'',9,1,'2024-12-17 10:00:39.526611');
INSERT INTO django_admin_log VALUES(61,'65','Image for Pokoj 201',3,'',9,1,'2024-12-17 10:00:39.526635');
INSERT INTO django_admin_log VALUES(62,'64','Image for Pokoj 201',3,'',9,1,'2024-12-17 10:00:39.526672');
INSERT INTO django_admin_log VALUES(63,'63','Image for Pokoj 201',3,'',9,1,'2024-12-17 10:00:39.526698');
INSERT INTO django_admin_log VALUES(64,'62','Image for Pokoj 201',3,'',9,1,'2024-12-17 10:00:39.526722');
INSERT INTO django_admin_log VALUES(65,'61','Image for Pokoj 201',3,'',9,1,'2024-12-17 10:00:39.526745');
INSERT INTO django_admin_log VALUES(66,'60','Image for Pokoj 201',3,'',9,1,'2024-12-17 10:00:39.526769');
INSERT INTO django_admin_log VALUES(67,'59','Image for Pokoj 201',3,'',9,1,'2024-12-17 10:00:39.526793');
INSERT INTO django_admin_log VALUES(68,'58','Image for Pokoj 201',3,'',9,1,'2024-12-17 10:00:39.526816');
INSERT INTO django_admin_log VALUES(69,'57','Image for Pokoj 201',3,'',9,1,'2024-12-17 10:00:39.526840');
INSERT INTO django_admin_log VALUES(70,'56','Image for Pokoj 201',3,'',9,1,'2024-12-17 10:00:39.526863');
INSERT INTO django_admin_log VALUES(71,'55','Image for Pokoj 201',3,'',9,1,'2024-12-17 10:00:39.526887');
INSERT INTO django_admin_log VALUES(72,'54','Image for Pokoj 201',3,'',9,1,'2024-12-17 10:00:39.526911');
INSERT INTO django_admin_log VALUES(73,'53','Image for Pokoj 201',3,'',9,1,'2024-12-17 10:00:39.526936');
INSERT INTO django_admin_log VALUES(74,'52','Image for Pokoj 201',3,'',9,1,'2024-12-17 10:00:39.526960');
INSERT INTO django_admin_log VALUES(75,'51','Image for Pokoj 302',3,'',9,1,'2024-12-17 10:00:39.526985');
INSERT INTO django_admin_log VALUES(76,'50','Image for Pokoj 302',3,'',9,1,'2024-12-17 10:00:39.527008');
INSERT INTO django_admin_log VALUES(77,'49','Image for Pokoj 302',3,'',9,1,'2024-12-17 10:00:39.527031');
INSERT INTO django_admin_log VALUES(78,'48','Image for Pokoj 302',3,'',9,1,'2024-12-17 10:00:39.527054');
INSERT INTO django_admin_log VALUES(79,'47','Image for Pokoj 302',3,'',9,1,'2024-12-17 10:00:39.527078');
INSERT INTO django_admin_log VALUES(80,'46','Image for Pokoj 302',3,'',9,1,'2024-12-17 10:00:39.527102');
INSERT INTO django_admin_log VALUES(81,'45','Image for Pokoj 302',3,'',9,1,'2024-12-17 10:00:39.527131');
INSERT INTO django_admin_log VALUES(82,'44','Image for Pokoj 302',3,'',9,1,'2024-12-17 10:00:39.527159');
INSERT INTO django_admin_log VALUES(83,'43','Image for Pokoj 302',3,'',9,1,'2024-12-17 10:00:39.527191');
INSERT INTO django_admin_log VALUES(84,'42','Image for Pokoj 302',3,'',9,1,'2024-12-17 10:00:39.527215');
INSERT INTO django_admin_log VALUES(85,'41','Image for Pokoj 302',3,'',9,1,'2024-12-17 10:00:39.527239');
INSERT INTO django_admin_log VALUES(86,'40','Image for Pokoj 302',3,'',9,1,'2024-12-17 10:00:39.527286');
INSERT INTO django_admin_log VALUES(87,'39','Image for Pokoj 302',3,'',9,1,'2024-12-17 10:00:39.527313');
INSERT INTO django_admin_log VALUES(88,'38','Image for Pokoj 302',3,'',9,1,'2024-12-17 10:00:39.528135');
INSERT INTO django_admin_log VALUES(89,'37','Image for Pokoj 202',3,'',9,1,'2024-12-17 10:00:39.528185');
INSERT INTO django_admin_log VALUES(90,'36','Image for Pokoj 202',3,'',9,1,'2024-12-17 10:00:39.528222');
INSERT INTO django_admin_log VALUES(91,'35','Image for Pokoj 202',3,'',9,1,'2024-12-17 10:00:39.528254');
INSERT INTO django_admin_log VALUES(92,'34','Image for Pokoj 202',3,'',9,1,'2024-12-17 10:00:39.528286');
INSERT INTO django_admin_log VALUES(93,'33','Image for Pokoj 202',3,'',9,1,'2024-12-17 10:00:39.528317');
INSERT INTO django_admin_log VALUES(94,'32','Image for Pokoj 202',3,'',9,1,'2024-12-17 10:00:39.528344');
INSERT INTO django_admin_log VALUES(95,'31','Image for Pokoj 202',3,'',9,1,'2024-12-17 10:00:39.528372');
INSERT INTO django_admin_log VALUES(96,'30','Image for Pokoj 202',3,'',9,1,'2024-12-17 10:00:39.528399');
INSERT INTO django_admin_log VALUES(97,'29','Image for Pokoj 202',3,'',9,1,'2024-12-17 10:00:39.528425');
INSERT INTO django_admin_log VALUES(98,'28','Image for Pokoj 202',3,'',9,1,'2024-12-17 10:00:39.528450');
INSERT INTO django_admin_log VALUES(99,'27','Image for Pokoj 202',3,'',9,1,'2024-12-17 10:00:39.528479');
INSERT INTO django_admin_log VALUES(100,'26','Image for Pokoj 202',3,'',9,1,'2024-12-17 10:00:39.528505');
INSERT INTO django_admin_log VALUES(101,'25','Image for Pokoj 202',3,'',9,1,'2024-12-17 10:00:39.528530');
INSERT INTO django_admin_log VALUES(102,'24','Image for Pokoj 202',3,'',9,1,'2024-12-17 10:00:39.528555');
INSERT INTO django_admin_log VALUES(103,'23','Image for Pokoj 401',3,'',9,1,'2024-12-17 10:00:39.528580');
INSERT INTO django_admin_log VALUES(104,'22','Image for Pokoj 401',3,'',9,1,'2024-12-17 10:00:39.528604');
INSERT INTO django_admin_log VALUES(105,'21','Image for Pokoj 401',3,'',9,1,'2024-12-17 10:00:39.528630');
INSERT INTO django_admin_log VALUES(106,'20','Image for Pokoj 401',3,'',9,1,'2024-12-17 10:00:39.528655');
INSERT INTO django_admin_log VALUES(107,'19','Image for Pokoj 401',3,'',9,1,'2024-12-17 10:00:39.528682');
INSERT INTO django_admin_log VALUES(108,'18','Image for Pokoj 401',3,'',9,1,'2024-12-17 10:00:39.528706');
INSERT INTO django_admin_log VALUES(109,'17','Image for Pokoj 401',3,'',9,1,'2024-12-17 10:00:39.528730');
INSERT INTO django_admin_log VALUES(110,'16','Image for Pokoj 401',3,'',9,1,'2024-12-17 10:00:39.528754');
INSERT INTO django_admin_log VALUES(111,'15','Image for Pokoj 401',3,'',9,1,'2024-12-17 10:00:39.528778');
INSERT INTO django_admin_log VALUES(112,'14','Image for Pokoj 401',3,'',9,1,'2024-12-17 10:00:39.528802');
INSERT INTO django_admin_log VALUES(113,'13','Image for Pokoj 401',3,'',9,1,'2024-12-17 10:00:39.528826');
INSERT INTO django_admin_log VALUES(114,'12','Image for Pokoj 401',3,'',9,1,'2024-12-17 10:00:39.528850');
INSERT INTO django_admin_log VALUES(115,'11','Image for Pokoj 401',3,'',9,1,'2024-12-17 10:00:39.528876');
INSERT INTO django_admin_log VALUES(116,'10','Image for Pokoj 402',3,'',9,1,'2024-12-17 10:00:39.528901');
INSERT INTO django_admin_log VALUES(117,'9','Image for Pokoj 402',3,'',9,1,'2024-12-17 10:00:39.528925');
INSERT INTO django_admin_log VALUES(118,'8','Image for Pokoj 402',3,'',9,1,'2024-12-17 10:00:39.528949');
INSERT INTO django_admin_log VALUES(119,'7','Image for Pokoj 402',3,'',9,1,'2024-12-17 10:00:39.528973');
INSERT INTO django_admin_log VALUES(120,'6','Image for Pokoj 402',3,'',9,1,'2024-12-17 10:00:39.528997');
INSERT INTO django_admin_log VALUES(121,'5','Image for Pokoj 402',3,'',9,1,'2024-12-17 10:00:39.529020');
INSERT INTO django_admin_log VALUES(122,'4','Image for Pokoj 402',3,'',9,1,'2024-12-17 10:00:39.529044');
INSERT INTO django_admin_log VALUES(123,'3','Image for Pokoj 402',3,'',9,1,'2024-12-17 10:00:39.529068');
INSERT INTO django_admin_log VALUES(124,'2','Image for Pokoj 402',3,'',9,1,'2024-12-17 10:00:39.529093');
INSERT INTO django_admin_log VALUES(125,'1','Image for Pokoj 402',3,'',9,1,'2024-12-17 10:00:39.529117');
INSERT INTO django_admin_log VALUES(126,'8','Pokoj 402',2,'[{"changed": {"fields": ["Image"]}}, {"added": {"name": "room image", "object": "Image for Pokoj 402"}}, {"added": {"name": "room image", "object": "Image for Pokoj 402"}}, {"added": {"name": "room image", "object": "Image for Pokoj 402"}}, {"added": {"name": "room image", "object": "Image for Pokoj 402"}}, {"added": {"name": "room image", "object": "Image for Pokoj 402"}}, {"added": {"name": "room image", "object": "Image for Pokoj 402"}}, {"added": {"name": "room image", "object": "Image for Pokoj 402"}}, {"added": {"name": "room image", "object": "Image for Pokoj 402"}}, {"added": {"name": "room image", "object": "Image for Pokoj 402"}}, {"added": {"name": "room image", "object": "Image for Pokoj 402"}}]',7,1,'2024-12-17 10:02:33.985240');
INSERT INTO django_admin_log VALUES(127,'7','Pokoj 401',2,'[{"changed": {"fields": ["Image"]}}]',7,1,'2024-12-17 10:07:01.533549');
INSERT INTO django_admin_log VALUES(128,'7','Pokoj 401',2,'[{"added": {"name": "room image", "object": "Image for Pokoj 401"}}, {"added": {"name": "room image", "object": "Image for Pokoj 401"}}, {"added": {"name": "room image", "object": "Image for Pokoj 401"}}, {"added": {"name": "room image", "object": "Image for Pokoj 401"}}, {"added": {"name": "room image", "object": "Image for Pokoj 401"}}, {"added": {"name": "room image", "object": "Image for Pokoj 401"}}, {"added": {"name": "room image", "object": "Image for Pokoj 401"}}, {"added": {"name": "room image", "object": "Image for Pokoj 401"}}, {"added": {"name": "room image", "object": "Image for Pokoj 401"}}, {"added": {"name": "room image", "object": "Image for Pokoj 401"}}, {"added": {"name": "room image", "object": "Image for Pokoj 401"}}, {"added": {"name": "room image", "object": "Image for Pokoj 401"}}, {"added": {"name": "room image", "object": "Image for Pokoj 401"}}, {"added": {"name": "room image", "object": "Image for Pokoj 401"}}]',7,1,'2024-12-17 10:08:22.251755');
INSERT INTO django_admin_log VALUES(129,'7','Pokoj 401',2,'[]',7,1,'2024-12-17 10:10:03.751938');
INSERT INTO django_admin_log VALUES(130,'4','Pokoj 202',2,'[{"changed": {"fields": ["Image"]}}]',7,1,'2024-12-17 10:12:55.152713');
INSERT INTO django_admin_log VALUES(131,'4','Pokoj 202',2,'[{"added": {"name": "room image", "object": "Image for Pokoj 202"}}, {"added": {"name": "room image", "object": "Image for Pokoj 202"}}, {"added": {"name": "room image", "object": "Image for Pokoj 202"}}, {"added": {"name": "room image", "object": "Image for Pokoj 202"}}, {"added": {"name": "room image", "object": "Image for Pokoj 202"}}, {"added": {"name": "room image", "object": "Image for Pokoj 202"}}, {"added": {"name": "room image", "object": "Image for Pokoj 202"}}, {"added": {"name": "room image", "object": "Image for Pokoj 202"}}, {"added": {"name": "room image", "object": "Image for Pokoj 202"}}, {"added": {"name": "room image", "object": "Image for Pokoj 202"}}, {"added": {"name": "room image", "object": "Image for Pokoj 202"}}, {"added": {"name": "room image", "object": "Image for Pokoj 202"}}, {"added": {"name": "room image", "object": "Image for Pokoj 202"}}, {"added": {"name": "room image", "object": "Image for Pokoj 202"}}, {"added": {"name": "room image", "object": "Image for Pokoj 202"}}]',7,1,'2024-12-17 10:15:43.023666');
INSERT INTO django_admin_log VALUES(132,'4','Pokoj 202',2,'[]',7,1,'2024-12-17 10:16:23.836372');
INSERT INTO django_admin_log VALUES(133,'6','Pokoj 302',2,'[{"changed": {"fields": ["Image"]}}]',7,1,'2024-12-17 10:16:56.955951');
INSERT INTO django_admin_log VALUES(134,'6','Pokoj 302',2,'[{"added": {"name": "room image", "object": "Image for Pokoj 302"}}, {"added": {"name": "room image", "object": "Image for Pokoj 302"}}, {"added": {"name": "room image", "object": "Image for Pokoj 302"}}, {"added": {"name": "room image", "object": "Image for Pokoj 302"}}, {"added": {"name": "room image", "object": "Image for Pokoj 302"}}, {"added": {"name": "room image", "object": "Image for Pokoj 302"}}, {"added": {"name": "room image", "object": "Image for Pokoj 302"}}, {"added": {"name": "room image", "object": "Image for Pokoj 302"}}, {"added": {"name": "room image", "object": "Image for Pokoj 302"}}, {"added": {"name": "room image", "object": "Image for Pokoj 302"}}, {"added": {"name": "room image", "object": "Image for Pokoj 302"}}, {"added": {"name": "room image", "object": "Image for Pokoj 302"}}, {"added": {"name": "room image", "object": "Image for Pokoj 302"}}, {"added": {"name": "room image", "object": "Image for Pokoj 302"}}]',7,1,'2024-12-17 10:18:18.782701');
INSERT INTO django_admin_log VALUES(135,'3','Pokoj 201',2,'[{"changed": {"fields": ["Image"]}}]',7,1,'2024-12-17 10:22:52.672364');
INSERT INTO django_admin_log VALUES(136,'3','Pokoj 201',2,'[{"added": {"name": "room image", "object": "Image for Pokoj 201"}}, {"added": {"name": "room image", "object": "Image for Pokoj 201"}}, {"added": {"name": "room image", "object": "Image for Pokoj 201"}}, {"added": {"name": "room image", "object": "Image for Pokoj 201"}}, {"added": {"name": "room image", "object": "Image for Pokoj 201"}}, {"added": {"name": "room image", "object": "Image for Pokoj 201"}}, {"added": {"name": "room image", "object": "Image for Pokoj 201"}}, {"added": {"name": "room image", "object": "Image for Pokoj 201"}}, {"added": {"name": "room image", "object": "Image for Pokoj 201"}}, {"added": {"name": "room image", "object": "Image for Pokoj 201"}}, {"added": {"name": "room image", "object": "Image for Pokoj 201"}}, {"added": {"name": "room image", "object": "Image for Pokoj 201"}}, {"added": {"name": "room image", "object": "Image for Pokoj 201"}}, {"added": {"name": "room image", "object": "Image for Pokoj 201"}}, {"added": {"name": "room image", "object": "Image for Pokoj 201"}}, {"added": {"name": "room image", "object": "Image for Pokoj 201"}}, {"added": {"name": "room image", "object": "Image for Pokoj 201"}}, {"added": {"name": "room image", "object": "Image for Pokoj 201"}}, {"added": {"name": "room image", "object": "Image for Pokoj 201"}}]',7,1,'2024-12-17 10:25:09.920447');
INSERT INTO django_admin_log VALUES(137,'5','Pokoj 301',2,'[{"changed": {"fields": ["Image"]}}]',7,1,'2024-12-17 10:26:43.924276');
INSERT INTO django_admin_log VALUES(138,'5','Pokoj 301',2,'[{"added": {"name": "room image", "object": "Image for Pokoj 301"}}, {"added": {"name": "room image", "object": "Image for Pokoj 301"}}, {"added": {"name": "room image", "object": "Image for Pokoj 301"}}, {"added": {"name": "room image", "object": "Image for Pokoj 301"}}, {"added": {"name": "room image", "object": "Image for Pokoj 301"}}, {"added": {"name": "room image", "object": "Image for Pokoj 301"}}, {"added": {"name": "room image", "object": "Image for Pokoj 301"}}, {"added": {"name": "room image", "object": "Image for Pokoj 301"}}, {"added": {"name": "room image", "object": "Image for Pokoj 301"}}, {"added": {"name": "room image", "object": "Image for Pokoj 301"}}, {"added": {"name": "room image", "object": "Image for Pokoj 301"}}, {"added": {"name": "room image", "object": "Image for Pokoj 301"}}, {"added": {"name": "room image", "object": "Image for Pokoj 301"}}, {"added": {"name": "room image", "object": "Image for Pokoj 301"}}, {"added": {"name": "room image", "object": "Image for Pokoj 301"}}, {"added": {"name": "room image", "object": "Image for Pokoj 301"}}, {"added": {"name": "room image", "object": "Image for Pokoj 301"}}, {"added": {"name": "room image", "object": "Image for Pokoj 301"}}]',7,1,'2024-12-17 10:28:08.396012');
INSERT INTO django_admin_log VALUES(139,'1','Pokoj 101',2,'[{"changed": {"fields": ["Image"]}}]',7,1,'2024-12-17 10:32:12.121922');
INSERT INTO django_admin_log VALUES(140,'1','Pokoj 101',2,'[{"changed": {"fields": ["Image"]}}]',7,1,'2024-12-17 10:32:47.645409');
INSERT INTO django_admin_log VALUES(141,'1','Pokoj 101',2,'[{"added": {"name": "room image", "object": "Image for Pokoj 101"}}, {"added": {"name": "room image", "object": "Image for Pokoj 101"}}, {"added": {"name": "room image", "object": "Image for Pokoj 101"}}, {"added": {"name": "room image", "object": "Image for Pokoj 101"}}, {"added": {"name": "room image", "object": "Image for Pokoj 101"}}, {"added": {"name": "room image", "object": "Image for Pokoj 101"}}, {"added": {"name": "room image", "object": "Image for Pokoj 101"}}, {"added": {"name": "room image", "object": "Image for Pokoj 101"}}, {"added": {"name": "room image", "object": "Image for Pokoj 101"}}, {"added": {"name": "room image", "object": "Image for Pokoj 101"}}, {"added": {"name": "room image", "object": "Image for Pokoj 101"}}, {"added": {"name": "room image", "object": "Image for Pokoj 101"}}, {"added": {"name": "room image", "object": "Image for Pokoj 101"}}]',7,1,'2024-12-17 10:34:28.622226');
INSERT INTO django_admin_log VALUES(142,'2','Pokoj 102',2,'[{"changed": {"fields": ["Image"]}}]',7,1,'2024-12-17 10:35:36.928694');
INSERT INTO django_admin_log VALUES(143,'2','Pokoj 102',2,'[{"added": {"name": "room image", "object": "Image for Pokoj 102"}}, {"added": {"name": "room image", "object": "Image for Pokoj 102"}}, {"added": {"name": "room image", "object": "Image for Pokoj 102"}}, {"added": {"name": "room image", "object": "Image for Pokoj 102"}}, {"added": {"name": "room image", "object": "Image for Pokoj 102"}}, {"added": {"name": "room image", "object": "Image for Pokoj 102"}}, {"added": {"name": "room image", "object": "Image for Pokoj 102"}}, {"added": {"name": "room image", "object": "Image for Pokoj 102"}}, {"added": {"name": "room image", "object": "Image for Pokoj 102"}}]',7,1,'2024-12-17 10:36:19.740225');
INSERT INTO django_admin_log VALUES(144,'216','Image for Pokoj 102',2,'[]',9,2,'2025-01-19 19:08:47.794417');
INSERT INTO django_admin_log VALUES(145,'216','Image for Pokoj 102',2,'[]',9,2,'2025-01-19 19:08:57.867058');
INSERT INTO django_admin_log VALUES(146,'7','Pokoj 401',2,'[{"changed": {"fields": ["Description"]}}]',7,2,'2025-01-19 19:13:15.785973');
CREATE TABLE IF NOT EXISTS "django_content_type" ("id" integer NOT NULL PRIMARY KEY AUTOINCREMENT, "app_label" varchar(100) NOT NULL, "model" varchar(100) NOT NULL);
INSERT INTO django_content_type VALUES(1,'admin','logentry');
INSERT INTO django_content_type VALUES(2,'auth','permission');
INSERT INTO django_content_type VALUES(3,'auth','group');
INSERT INTO django_content_type VALUES(4,'auth','user');
INSERT INTO django_content_type VALUES(5,'contenttypes','contenttype');
INSERT INTO django_content_type VALUES(6,'sessions','session');
INSERT INTO django_content_type VALUES(7,'rooms','room');
INSERT INTO django_content_type VALUES(8,'rooms','reservation');
INSERT INTO django_content_type VALUES(9,'rooms','roomimage');
INSERT INTO django_content_type VALUES(10,'rooms','roomtranslation');
CREATE TABLE IF NOT EXISTS "auth_permission" ("id" integer NOT NULL PRIMARY KEY AUTOINCREMENT, "content_type_id" integer NOT NULL REFERENCES "django_content_type" ("id") DEFERRABLE INITIALLY DEFERRED, "codename" varchar(100) NOT NULL, "name" varchar(255) NOT NULL);
INSERT INTO auth_permission VALUES(1,1,'add_logentry','Can add log entry');
INSERT INTO auth_permission VALUES(2,1,'change_logentry','Can change log entry');
INSERT INTO auth_permission VALUES(3,1,'delete_logentry','Can delete log entry');
INSERT INTO auth_permission VALUES(4,1,'view_logentry','Can view log entry');
INSERT INTO auth_permission VALUES(5,2,'add_permission','Can add permission');
INSERT INTO auth_permission VALUES(6,2,'change_permission','Can change permission');
INSERT INTO auth_permission VALUES(7,2,'delete_permission','Can delete permission');
INSERT INTO auth_permission VALUES(8,2,'view_permission','Can view permission');
INSERT INTO auth_permission VALUES(9,3,'add_group','Can add group');
INSERT INTO auth_permission VALUES(10,3,'change_group','Can change group');
INSERT INTO auth_permission VALUES(11,3,'delete_group','Can delete group');
INSERT INTO auth_permission VALUES(12,3,'view_group','Can view group');
INSERT INTO auth_permission VALUES(13,4,'add_user','Can add user');
INSERT INTO auth_permission VALUES(14,4,'change_user','Can change user');
INSERT INTO auth_permission VALUES(15,4,'delete_user','Can delete user');
INSERT INTO auth_permission VALUES(16,4,'view_user','Can view user');
INSERT INTO auth_permission VALUES(17,5,'add_contenttype','Can add content type');
INSERT INTO auth_permission VALUES(18,5,'change_contenttype','Can change content type');
INSERT INTO auth_permission VALUES(19,5,'delete_contenttype','Can delete content type');
INSERT INTO auth_permission VALUES(20,5,'view_contenttype','Can view content type');
INSERT INTO auth_permission VALUES(21,6,'add_session','Can add session');
INSERT INTO auth_permission VALUES(22,6,'change_session','Can change session');
INSERT INTO auth_permission VALUES(23,6,'delete_session','Can delete session');
INSERT INTO auth_permission VALUES(24,6,'view_session','Can view session');
INSERT INTO auth_permission VALUES(25,7,'add_room','Can add room');
INSERT INTO auth_permission VALUES(26,7,'change_room','Can change room');
INSERT INTO auth_permission VALUES(27,7,'delete_room','Can delete room');
INSERT INTO auth_permission VALUES(28,7,'view_room','Can view room');
INSERT INTO auth_permission VALUES(29,8,'add_reservation','Can add reservation');
INSERT INTO auth_permission VALUES(30,8,'change_reservation','Can change reservation');
INSERT INTO auth_permission VALUES(31,8,'delete_reservation','Can delete reservation');
INSERT INTO auth_permission VALUES(32,8,'view_reservation','Can view reservation');
INSERT INTO auth_permission VALUES(33,9,'add_roomimage','Can add room image');
INSERT INTO auth_permission VALUES(34,9,'change_roomimage','Can change room image');
INSERT INTO auth_permission VALUES(35,9,'delete_roomimage','Can delete room image');
INSERT INTO auth_permission VALUES(36,9,'view_roomimage','Can view room image');
CREATE TABLE IF NOT EXISTS "auth_group" ("id" integer NOT NULL PRIMARY KEY AUTOINCREMENT, "name" varchar(150) NOT NULL UNIQUE);
CREATE TABLE IF NOT EXISTS "auth_user" ("id" integer NOT NULL PRIMARY KEY AUTOINCREMENT, "password" varchar(128) NOT NULL, "last_login" datetime NULL, "is_superuser" bool NOT NULL, "username" varchar(150) NOT NULL UNIQUE, "last_name" varchar(150) NOT NULL, "email" varchar(254) NOT NULL, "is_staff" bool NOT NULL, "is_active" bool NOT NULL, "date_joined" datetime NOT NULL, "first_name" varchar(150) NOT NULL);
INSERT INTO auth_user VALUES(1,'pbkdf2_sha256$870000$6oUvUq5jZGBGtaIm4KuwJw$vW5wJ+FUffPu3dEbIfP6sWA/a3JTkVn8FPRpEH+ew6Y=','2024-12-03 10:46:33.811403',1,'Admin','','admin@email.cz',1,1,'2024-12-02 10:45:43.368176','');
INSERT INTO auth_user VALUES(2,'pbkdf2_sha256$870000$YHviwJe1UXWND34X4bKLKD$VSXrLcVpolMwUBukHTkEA5xNSXMVg8N5wkfQz71lSro=','2025-01-19 19:07:51.484639',1,'Admin5','','scvnevb@seznam.cz',1,1,'2025-01-19 19:07:02.683981','');
CREATE TABLE IF NOT EXISTS "rooms_room" ("id" integer NOT NULL PRIMARY KEY AUTOINCREMENT, "name" varchar(100) NOT NULL, "description" text NOT NULL, "capacity" integer NOT NULL, "image" varchar(100) NULL);
INSERT INTO rooms_room VALUES(1,'Pokoj 101',replace(replace('Příjemně zařízený dvoulůžkový apartmán v přízemí apartmánového domu v klidné lázeňské čtvrti Karových Varů. Apartmán se nachází jen pět minut chůze od Vřídla, Mlýnské kolonády, restaurací, mnoha památek, např: kostela sv. Máří Magdalény, městského divadla apod.\r\nApartmán tvoří pokoj s manželskou postelí. Pokoj je dále vybaven jídelním stolem se židlemi, skříněmi, odkládacími stolky, plochou TV s připojením k internetu, s možností sledování Netflix, Youtube, Google TV a jiné. WIFI je v celém objektu zdarma.\r\n\r\nSoučástí apartmánu je kuchyně s plně vybavenou kuchyňskou linkou, el. varnou deskou, chladničkou s mrazákem, myčkou na nádobí, troubou, rychlovarnou konvicí, mikrovlnnou troubou a kompletním vybavením kuchyně pro vaření.\r\n\r\nApartmán nabízí koupelnu se sprchovým koutem a WC, k dispozici jsou ručníky a koupelnová drogerie.\r\n\r\nSoučástí je prostorná terasa, která v letním období láká k posezení.\r\n\r\nDětská postýlka za poplatek na vyžádání.\r\n\r\nPobyt s domácími mazlíčky možný za poplatek.','\r',char(13)),'\n',char(10)),2,'room_images/P1257605.jpg');
INSERT INTO rooms_room VALUES(2,'Pokoj 102',replace(replace('Příjemně zařízený dvoulůžkový apartmán v přízemí apartmánového domu v klidné lázeňské čtvrti Karových Varů. Apartmán se nachází jen pět minut chůze od Vřídla, Mlýnské kolonády, mnoha restaurací a kulturních památek např. kostel sv. Máří Magdalény, městské divadlo a další.\r\nApartmán tvoří pokoj s manželskou postelí. Pokoj je dále vybaven jídelním stolem se židlemi, skříněmi, odkládacími stolky, plochou TV s připojením k internetu, s možností sledování Netflix, Youtube, Google TV a jiné. WIFI zdarma.\r\n\r\nSoučástí apartmánu je plně vybavený kuchyňský kout, el. varnou deskou, chladničkou s mrazákem, myčkou na nádobí, troubou, rychlovarnou konvicí, mikrovlnnou troubou a kompletním vybavením kuchyně pro vaření.\r\n\r\nApartmán nabízí koupelnu se sprchovým koutem a samostatným WC, k dispozici jsou ručníky a koupelnová drogerie..\r\n\r\nSoučástí je prostorná terasa, která v letním období láká k posezení.\r\n\r\nDětská postýlka za poplatek na vyžádání.\r\n\r\nPobyt s domácími mazlíčky možný za poplatek.','\r',char(13)),'\n',char(10)),2,'room_images/P1257674.jpg');
INSERT INTO rooms_room VALUES(3,'Pokoj 201',replace(replace('Příjemně zařízený dvoupokojový čtyřlůžkový apartmán v prvním patře apartmánového domu v klidné lázeňské čtvrti Karových Varů. Apartmán se nachází jen pět minut chůze od Vřídla, Mlýnské kolonády, mnoha restaurací a kulturních památek, např: kostel sv. Máří Magdalény, městské divadlo a další.\r\nApartmán tvoří pokoj s manželskou postelí s pohodlným posezením křesel s odkládacím stolkem a pokoj se dvěma jednolůžkovými postelemi. Každý s pokojů je vybaven skříněmi, odkládacími stolky, Plochou TV s připojením k internetu v obou pokojích, možnost sledování Netflix, Youtube, Google TV a jiné. WIFI zdarma.\r\n\r\nSoučástí apartmánu je kuchyně s plně vybavenou kuchyňskou linkou, el. varnou deskou, chladničkou s mrazákem, myčkou na nádobí, troubou, rychlovarnou konvicí, mikrovlnnou troubou a kompletním vybavením kuchyně pro vaření. Součástí kuchyně je větší stůl a židle.\r\n\r\nApartmán nabízí koupelnu se sprchovým koutem a WC, k dispozici jsou ručníky a koupelnová drogerie.\r\n\r\nSoučástí je prostorná terasa s přístupem z kuchyně, která v letním období láká k posezení.\r\n\r\nDětská postýlka za poplatek na vyžádání.\r\n\r\nPobyt s domácími mazlíčky možný za poplatek.','\r',char(13)),'\n',char(10)),4,'room_images/P1257312.jpg');
INSERT INTO rooms_room VALUES(4,'Pokoj 202',replace(replace('Příjemně zařízený dvoulůžkový apartmán v prvním patře apartmánového domu v klidné lázeňské čtvrti Karových Varů. Apartmán se nachází jen pět minut chůze od Vřídla, kolonád, nákupních možností, restaurací, kostela sv. Máří Magdalény a dalších památek.\r\nApartmán tvoří pokoj s manželskou postelí s pohodlným posezením křesel s odkládacím stolkem. Pokoj je vybaven skříní, odkládacími stolky, plochou TV s připojením k internetu, s možností sledování Netflix, Youtube, Google TV a jiné. WIFI zdarma.\r\n\r\nSoučástí apartmánu je kuchyně s plně vybavenou kuchyňskou linkou, el. varnou deskou, chladničkou s mrazákem, myčkou na nádobí, troubou, rychlovarnou konvicí, mikrovlnnou troubou a kompletním vybavením kuchyně pro vaření. Součástí kuchyně je stůl a židle.\r\n\r\nApartmán nabízí koupelnu se sprchovým koutem a WC.\r\n\r\nSoučástí je prostorná terasa s přístupem z kuchyně, která v letním období láká k posezení.\r\n\r\nDětská postýlka za poplatek na vyžádání.\r\n\r\nPobyt s domácími mazlíčky možný za poplatek.','\r',char(13)),'\n',char(10)),2,'room_images/P1257196.jpg');
INSERT INTO rooms_room VALUES(5,'Pokoj 301',replace(replace('Příjemně zařízený dvoupokojový čtyřlůžkový apartmán ve druhém patře apartmánového domu v klidné lázeňské čtvrti Karových Varů. Apartmán se nachází jen pět minut chůze od Vřídla, kolonád, nákupních možností, restaurací, kostela sv. Máří Magdalény a dalších památek.\r\nApartmán tvoří pokoj s manželskou postelí s pohodlným posezením křesel s odkládacím stolkem a pokoj se dvěma jednolůžkovými postelemi. Každý s pokojů je vybaven skříněmi, odkládacími stolky, Plochou TV s připojením k internetu v obou pokojích, možnost sledování Netflix, Youtube, Google TV a jiné. WIFI zdarma.\r\n\r\nSoučástí apartmánu je kuchyně s plně vybavenou kuchyňskou linkou, el. varnou deskou, chladničkou s mrazákem, myčkou na nádobí, troubou, rychlovarnou konvicí, mikrovlnnou troubou a kompletním vybavením kuchyně pro vaření. Součástí kuchyně je větší stůl a židle.\r\n\r\nApartmán nabízí koupelnu se sprchovým koutem a WC.\r\n\r\nSoučástí je balkon s přístupem z kuchyně, který v letním období láká k posezení.\r\n\r\nDětská postýlka za poplatek na vyžádání.\r\n\r\nPobyt s domácími mazlíčky možný za poplatek.','\r',char(13)),'\n',char(10)),4,'room_images/P1257289_D0Nodaq.jpg');
INSERT INTO rooms_room VALUES(6,'Pokoj 302',replace(replace('Příjemně zařízený dvoulůžkový apartmán v druhém patře apartmánového domu v klidné lázeňské čtvrti Karových Varů. Apartmán se nachází jen pět minut chůze od Vřídla, kolonád, nákupních možností, restaurací, kostela sv. Máří Magdalény a dalších památek.\r\nApartmán tvoří pokoj s manželskou postelí s pohodlným posezením křesel s odkládacím stolkem. Pokoj je vybaven skříní, odkládacími stolky, plochou TV s připojením k internetu, s možností sledování Netflix, Youtube, Google TV a jiné. WIFI zdarma.\r\n\r\nSoučástí apartmánu je kuchyně s plně vybavenou kuchyňskou linkou, el. varnou deskou, chladničkou s mrazákem, myčkou na nádobí, troubou, rychlovarnou konvicí, mikrovlnnou troubou a kompletním vybavením kuchyně pro vaření. Součástí kuchyně je stůl a židle.\r\n\r\nApartmán nabízí koupelnu se sprchovým koutem a WC.\r\n\r\nSoučástí je balkon s přístupem z kuchyně, který v letním období láká k posezení.\r\n\r\nDětská postýlka za poplatek na vyžádání.\r\n\r\nPobyt s domácími mazlíčky možný za poplatek.','\r',char(13)),'\n',char(10)),2,'room_images/P1257196_KXY8y2I.jpg');
INSERT INTO rooms_room VALUES(7,'Pokoj 401',replace(replace('Útulně zařízený čtyřlůžkový mezonetový apartmán ve třetím patře apartmánového domu v klidné lázeňské čtvrti Karlových Varů. Jen pět minut od Vřídla a kostele sv. Máří Magdalény.\r\nDvě dvoulůžkové postele s odkládacími stolky, plochá TV s připojením k internetu. Možnost sledování Netflix, Youtube, Google TV a další. WIFI zdarma. Prostorná koupelna s vanou a WC. K dispozici ručníky. Plně vybavená kuchyňská linka včetně nádobí, hrnců, příborů, trouby, mikrovlnné trouby, varné desky, rychlovarné konvice, myčky nádobí a chladničky s mrazákem. Bytelný jídelní stůl se čtyřmi židlemi. Dechberoucí výhled na Karlovy Vary ze všech stran.\r\n\r\nNa vyžádání dětská postýlka.\r\n\r\nPobyt s domácími mazlíčky možný za poplatek.\r\n\r\nPřístup do horního patra mezonetu po dřevěném schodišti, které nedoporučujeme pro osoby s omezenou hybností nebo tělesným postižením.','\r',char(13)),'\n',char(10)),4,'room_images/P1257495_2.jpg');
INSERT INTO rooms_room VALUES(8,'Pokoj 402',replace(replace('Útulně zařízený čtyřlůžkový mezonetový apartmán ve třetím patře apartmánového domu v klidné lázeňské čtvrti Karlových Varů. Jen pět minut od Vřídla a kostele sv. Máří Magdalény.\r\nDvě dvoulůžkové postele s odkládacími stolky, plochá TV s připojením k internetu. Možnost sledování Netflix, Youtube, Google TV a další. WIFI zdarma. Prostorná koupelna s vanou a WC. K dispozici ručníky. Plně vybavená kuchyňská linka včetně nádobí, hrnců, příborů, trouby, mikrovlnné trouby, varné desky, rychlovarné konvice, myčky nádobí a chladničky s mrazákem. Bytelný jídelní stůl se čtyřmi židlemi. Dechberoucí výhled na Karlovy Vary ze všech stran.\r\n\r\nNa vyžádání dětská postýlka.\r\n\r\nPobyt s domácími mazlíčky možný za poplatek.\r\n\r\nPřístup do horního patra mezonetu po dřevěném schodišti, které nedoporučujeme pro osoby s omezenou hybností nebo tělesným postižením.','\r',char(13)),'\n',char(10)),4,'room_images/P1257389_1.jpg');
CREATE TABLE IF NOT EXISTS "rooms_reservation" ("id" integer NOT NULL PRIMARY KEY AUTOINCREMENT, "customer_name" varchar(100) NOT NULL, "customer_email" varchar(254) NOT NULL, "customer_phone" varchar(15) NOT NULL, "check_in_date" date NOT NULL, "check_out_date" date NOT NULL, "payment_status" varchar(20) NOT NULL, "room_id" bigint NOT NULL REFERENCES "rooms_room" ("id") DEFERRABLE INITIALLY DEFERRED, "stripe_payment_id" varchar(100) NULL);
INSERT INTO rooms_reservation VALUES(1,'wegmiembio','sdnuirb@seznam.cz','722771207','2024-12-15','2024-12-18','Pending',2,NULL);
INSERT INTO rooms_reservation VALUES(2,'wegmiembio','sdnuirb@seznam.cz','999888777','2024-12-15','2024-12-18','Pending',2,'pi_3QVZXYDWSCj7ZFca0aBqRhRp');
INSERT INTO rooms_reservation VALUES(3,'dgfnhf','ladislav-5@seznam.cz','725943918','2024-12-21','2024-12-24','Pending',5,'pi_3QVaWLDWSCj7ZFca0lfZd19Z');
CREATE TABLE IF NOT EXISTS "django_session" ("session_key" varchar(40) NOT NULL PRIMARY KEY, "session_data" text NOT NULL, "expire_date" datetime NOT NULL);
INSERT INTO django_session VALUES('6cs311m5t57o57l1kdzalkhqwmv4oyuo','.eJxVjEEOwiAQRe_C2pDCFAGX7j0DGZhBqgaS0q6Md7dNutDtf-_9twi4LiWsnecwkbgIJU6_W8T05LoDemC9N5laXeYpyl2RB-3y1ohf18P9OyjYy1YbglEbyu6sso8DWB6SNc76aDQyOfLoM1qIbgTtwG-mQsdoySoPRovPF9t1N5Y:1tIQQL:thTkVWpb9tt9bJAEzk1j9ttqI7d_LkwFWg1PDZeLQvQ','2024-12-17 10:46:33.816402');
INSERT INTO django_session VALUES('phf1pyucvy8pmvs4hbicjw1bsbmttbfk','.eJxVjEEOwiAQRe_C2hBACoNL9z0DmWFAqoYmpV0Z765NutDtf-_9l4i4rTVuPS9xYnERRpx-N8L0yG0HfMd2m2Wa27pMJHdFHrTLceb8vB7u30HFXr910ORNGOjMGEKBko0ChuSc8uAzWw2WE2UM3pHyHkGhHqzTTLoYU1i8P9_uN-Y:1tZaeF:dy9o3sv-ghTwTgQ7NPw0RL6mZcGoQu1jHok0aZ2OPJw','2025-02-02 19:07:51.486645');
CREATE TABLE IF NOT EXISTS "rooms_roomimage" ("id" integer NOT NULL PRIMARY KEY AUTOINCREMENT, "image" varchar(100) NULL, "description" varchar(255) NOT NULL, "room_id" bigint NOT NULL REFERENCES "rooms_room" ("id") DEFERRABLE INITIALLY DEFERRED);
INSERT INTO rooms_roomimage VALUES(105,'room_images/P1257407_1.jpg','',8);
INSERT INTO rooms_roomimage VALUES(106,'room_images/P1257389_1_f7Dn0Vt.jpg','',8);
INSERT INTO rooms_roomimage VALUES(107,'room_images/P1257363_2.jpg','',8);
INSERT INTO rooms_roomimage VALUES(108,'room_images/P1257357_1.jpg','',8);
INSERT INTO rooms_roomimage VALUES(109,'room_images/P1257401_2.jpg','',8);
INSERT INTO rooms_roomimage VALUES(110,'room_images/P1257379_1.jpg','',8);
INSERT INTO rooms_roomimage VALUES(111,'room_images/P1257373_1.jpg','',8);
INSERT INTO rooms_roomimage VALUES(112,'room_images/P1257345_2.jpg','',8);
INSERT INTO rooms_roomimage VALUES(113,'room_images/P1257339_2.jpg','',8);
INSERT INTO rooms_roomimage VALUES(114,'room_images/P1257333_2.jpg','',8);
INSERT INTO rooms_roomimage VALUES(115,'room_images/P1257489_1.jpg','',7);
INSERT INTO rooms_roomimage VALUES(116,'room_images/P1257504.jpg','',7);
INSERT INTO rooms_roomimage VALUES(117,'room_images/P1257481_2.jpg','',7);
INSERT INTO rooms_roomimage VALUES(118,'room_images/P1257495_2_GEZskqC.jpg','',7);
INSERT INTO rooms_roomimage VALUES(119,'room_images/P1257448.jpg','',7);
INSERT INTO rooms_roomimage VALUES(120,'room_images/P1257485_1.jpg','',7);
INSERT INTO rooms_roomimage VALUES(121,'room_images/P1257498_1.jpg','',7);
INSERT INTO rooms_roomimage VALUES(122,'room_images/P1257468.jpg','',7);
INSERT INTO rooms_roomimage VALUES(123,'room_images/P1257461_1.jpg','',7);
INSERT INTO rooms_roomimage VALUES(124,'room_images/P1257475.jpg','',7);
INSERT INTO rooms_roomimage VALUES(125,'room_images/P1257455.jpg','',7);
INSERT INTO rooms_roomimage VALUES(126,'room_images/P1257448_1.jpg','',7);
INSERT INTO rooms_roomimage VALUES(127,'room_images/P1257441.jpg','',7);
INSERT INTO rooms_roomimage VALUES(128,'room_images/P1257436.jpg','',7);
INSERT INTO rooms_roomimage VALUES(129,'room_images/P1257553_3.jpg','',4);
INSERT INTO rooms_roomimage VALUES(130,'room_images/P1257551.jpg','',4);
INSERT INTO rooms_roomimage VALUES(131,'room_images/P1257227_1.jpg','',4);
INSERT INTO rooms_roomimage VALUES(132,'room_images/P1257216_1.jpg','',4);
INSERT INTO rooms_roomimage VALUES(133,'room_images/P1257211.jpg','',4);
INSERT INTO rooms_roomimage VALUES(134,'room_images/P1257196_nqTYU9W.jpg','',4);
INSERT INTO rooms_roomimage VALUES(135,'room_images/P1257203.jpg','',4);
INSERT INTO rooms_roomimage VALUES(136,'room_images/P1257118_1.jpg','',4);
INSERT INTO rooms_roomimage VALUES(137,'room_images/P1257153.jpg','',4);
INSERT INTO rooms_roomimage VALUES(138,'room_images/P1257147.jpg','',4);
INSERT INTO rooms_roomimage VALUES(139,'room_images/P1257138.jpg','',4);
INSERT INTO rooms_roomimage VALUES(140,'room_images/P1257123.jpg','',4);
INSERT INTO rooms_roomimage VALUES(141,'room_images/P1257075.jpg','',4);
INSERT INTO rooms_roomimage VALUES(142,'room_images/P1257069.jpg','',4);
INSERT INTO rooms_roomimage VALUES(143,'room_images/P1257227_1_1.jpg','',4);
INSERT INTO rooms_roomimage VALUES(144,'room_images/P1257553_3_FF20GJ6.jpg','',6);
INSERT INTO rooms_roomimage VALUES(145,'room_images/P1257551_netxnOP.jpg','',6);
INSERT INTO rooms_roomimage VALUES(146,'room_images/P1257227_1_N9bhZnT.jpg','',6);
INSERT INTO rooms_roomimage VALUES(147,'room_images/P1257216_1_FMFfgXi.jpg','',6);
INSERT INTO rooms_roomimage VALUES(148,'room_images/P1257211_Qcr2skf.jpg','',6);
INSERT INTO rooms_roomimage VALUES(149,'room_images/P1257196_skaqtoH.jpg','',6);
INSERT INTO rooms_roomimage VALUES(150,'room_images/P1257203_skwide0.jpg','',6);
INSERT INTO rooms_roomimage VALUES(151,'room_images/P1257118_1_I6vWDE0.jpg','',6);
INSERT INTO rooms_roomimage VALUES(152,'room_images/P1257153_1ObudWR.jpg','',6);
INSERT INTO rooms_roomimage VALUES(153,'room_images/P1257147_fH4V7fo.jpg','',6);
INSERT INTO rooms_roomimage VALUES(154,'room_images/P1257138_dDbSlsC.jpg','',6);
INSERT INTO rooms_roomimage VALUES(155,'room_images/P1257123_P4XpN4r.jpg','',6);
INSERT INTO rooms_roomimage VALUES(156,'room_images/P1257075_L5rQlvg.jpg','',6);
INSERT INTO rooms_roomimage VALUES(157,'room_images/P1257069_ztBjKCl.jpg','',6);
INSERT INTO rooms_roomimage VALUES(158,'room_images/P1257544.jpg','',3);
INSERT INTO rooms_roomimage VALUES(159,'room_images/P1257547_1.jpg','',3);
INSERT INTO rooms_roomimage VALUES(160,'room_images/P1257102_1.jpg','',3);
INSERT INTO rooms_roomimage VALUES(161,'room_images/P1257061.jpg','',3);
INSERT INTO rooms_roomimage VALUES(162,'room_images/P1257109.jpg','',3);
INSERT INTO rooms_roomimage VALUES(163,'room_images/P1257096.jpg','',3);
INSERT INTO rooms_roomimage VALUES(164,'room_images/P1257089.jpg','',3);
INSERT INTO rooms_roomimage VALUES(165,'room_images/P1257234.jpg','',3);
INSERT INTO rooms_roomimage VALUES(166,'room_images/P1257240.jpg','',3);
INSERT INTO rooms_roomimage VALUES(167,'room_images/P1257247.jpg','',3);
INSERT INTO rooms_roomimage VALUES(168,'room_images/P1257251.jpg','',3);
INSERT INTO rooms_roomimage VALUES(169,'room_images/P1257263.jpg','',3);
INSERT INTO rooms_roomimage VALUES(170,'room_images/P1257306.jpg','',3);
INSERT INTO rooms_roomimage VALUES(171,'room_images/P1257277.jpg','',3);
INSERT INTO rooms_roomimage VALUES(172,'room_images/P1257283.jpg','',3);
INSERT INTO rooms_roomimage VALUES(173,'room_images/P1257300.jpg','',3);
INSERT INTO rooms_roomimage VALUES(174,'room_images/P1257289.jpg','',3);
INSERT INTO rooms_roomimage VALUES(175,'room_images/P1257297.jpg','',3);
INSERT INTO rooms_roomimage VALUES(176,'room_images/P1257312_H8OxxFD.jpg','',3);
INSERT INTO rooms_roomimage VALUES(177,'room_images/P1257102_1_FsQnamM.jpg','',5);
INSERT INTO rooms_roomimage VALUES(178,'room_images/P1257061_r1Duitu.jpg','',5);
INSERT INTO rooms_roomimage VALUES(179,'room_images/P1257109_U9kYxdB.jpg','',5);
INSERT INTO rooms_roomimage VALUES(180,'room_images/P1257096_rn1Yf3l.jpg','',5);
INSERT INTO rooms_roomimage VALUES(181,'room_images/P1257089_ekflv9S.jpg','',5);
INSERT INTO rooms_roomimage VALUES(182,'room_images/P1257234_BVjgqTV.jpg','',5);
INSERT INTO rooms_roomimage VALUES(183,'room_images/P1257240_wvrI4Vo.jpg','',5);
INSERT INTO rooms_roomimage VALUES(184,'room_images/P1257247_crAAj5i.jpg','',5);
INSERT INTO rooms_roomimage VALUES(185,'room_images/P1257251_wc3mf1x.jpg','',5);
INSERT INTO rooms_roomimage VALUES(186,'room_images/P1257263_juUZCby.jpg','',5);
INSERT INTO rooms_roomimage VALUES(187,'room_images/P1257306_DcnhQPl.jpg','',5);
INSERT INTO rooms_roomimage VALUES(188,'room_images/P1257277_wxcDvtZ.jpg','',5);
INSERT INTO rooms_roomimage VALUES(189,'room_images/P1257283_H2c505x.jpg','',5);
INSERT INTO rooms_roomimage VALUES(190,'room_images/P1257300_qs1RV2Z.jpg','',5);
INSERT INTO rooms_roomimage VALUES(191,'room_images/P1257289_xHUiaKq.jpg','',5);
INSERT INTO rooms_roomimage VALUES(192,'room_images/P1257297_IF5zK1t.jpg','',5);
INSERT INTO rooms_roomimage VALUES(193,'room_images/P1257312_6OJfjIv.jpg','',5);
INSERT INTO rooms_roomimage VALUES(194,'room_images/P1257559.jpg','',5);
INSERT INTO rooms_roomimage VALUES(195,'room_images/P1257643_1.jpg','',1);
INSERT INTO rooms_roomimage VALUES(196,'room_images/P1257585_1.jpg','',1);
INSERT INTO rooms_roomimage VALUES(197,'room_images/P1257578.jpg','',1);
INSERT INTO rooms_roomimage VALUES(198,'room_images/P1257569.jpg','',1);
INSERT INTO rooms_roomimage VALUES(199,'room_images/P1257592.jpg','',1);
INSERT INTO rooms_roomimage VALUES(200,'room_images/P1257599.jpg','',1);
INSERT INTO rooms_roomimage VALUES(201,'room_images/P1257605_CxMMgzx.jpg','',1);
INSERT INTO rooms_roomimage VALUES(202,'room_images/P1257614.jpg','',1);
INSERT INTO rooms_roomimage VALUES(203,'room_images/P1257623.jpg','',1);
INSERT INTO rooms_roomimage VALUES(204,'room_images/P1257626.jpg','',1);
INSERT INTO rooms_roomimage VALUES(205,'room_images/P1257637.jpg','',1);
INSERT INTO rooms_roomimage VALUES(206,'room_images/P1257643.jpg','',1);
INSERT INTO rooms_roomimage VALUES(207,'room_images/P1257649.jpg','',1);
INSERT INTO rooms_roomimage VALUES(208,'room_images/P1257674_XRtJGu3.jpg','',2);
INSERT INTO rooms_roomimage VALUES(209,'room_images/P1257669.jpg','',2);
INSERT INTO rooms_roomimage VALUES(210,'room_images/P1257680.jpg','',2);
INSERT INTO rooms_roomimage VALUES(211,'room_images/P1257708.jpg','',2);
INSERT INTO rooms_roomimage VALUES(212,'room_images/P1257698.jpg','',2);
INSERT INTO rooms_roomimage VALUES(213,'room_images/P1257684.jpg','',2);
INSERT INTO rooms_roomimage VALUES(214,'room_images/P1257690.jpg','',2);
INSERT INTO rooms_roomimage VALUES(215,'room_images/P1257661.jpg','',2);
INSERT INTO rooms_roomimage VALUES(216,'room_images/P1257655.jpg','',2);
INSERT INTO sqlite_sequence VALUES('django_migrations',24);
INSERT INTO sqlite_sequence VALUES('django_admin_log',146);
INSERT INTO sqlite_sequence VALUES('django_content_type',10);
INSERT INTO sqlite_sequence VALUES('auth_permission',36);
INSERT INTO sqlite_sequence VALUES('auth_group',0);
INSERT INTO sqlite_sequence VALUES('auth_user',2);
INSERT INTO sqlite_sequence VALUES('rooms_room',9);
INSERT INTO sqlite_sequence VALUES('rooms_roomimage',216);
INSERT INTO sqlite_sequence VALUES('rooms_reservation',3);
CREATE UNIQUE INDEX "auth_group_permissions_group_id_permission_id_0cd325b0_uniq" ON "auth_group_permissions" ("group_id", "permission_id");
CREATE INDEX "auth_group_permissions_group_id_b120cbf9" ON "auth_group_permissions" ("group_id");
CREATE INDEX "auth_group_permissions_permission_id_84c5c92e" ON "auth_group_permissions" ("permission_id");
CREATE UNIQUE INDEX "auth_user_groups_user_id_group_id_94350c0c_uniq" ON "auth_user_groups" ("user_id", "group_id");
CREATE INDEX "auth_user_groups_user_id_6a12ed8b" ON "auth_user_groups" ("user_id");
CREATE INDEX "auth_user_groups_group_id_97559544" ON "auth_user_groups" ("group_id");
CREATE UNIQUE INDEX "auth_user_user_permissions_user_id_permission_id_14a6b632_uniq" ON "auth_user_user_permissions" ("user_id", "permission_id");
CREATE INDEX "auth_user_user_permissions_user_id_a95ead1b" ON "auth_user_user_permissions" ("user_id");
CREATE INDEX "auth_user_user_permissions_permission_id_1fbb5f2c" ON "auth_user_user_permissions" ("permission_id");
CREATE INDEX "django_admin_log_content_type_id_c4bce8eb" ON "django_admin_log" ("content_type_id");
CREATE INDEX "django_admin_log_user_id_c564eba6" ON "django_admin_log" ("user_id");
CREATE UNIQUE INDEX "django_content_type_app_label_model_76bd3d3b_uniq" ON "django_content_type" ("app_label", "model");
CREATE UNIQUE INDEX "auth_permission_content_type_id_codename_01ab375a_uniq" ON "auth_permission" ("content_type_id", "codename");
CREATE INDEX "auth_permission_content_type_id_2f476e4b" ON "auth_permission" ("content_type_id");
CREATE INDEX "rooms_reservation_room_id_7c329331" ON "rooms_reservation" ("room_id");
CREATE INDEX "django_session_expire_date_a5c62663" ON "django_session" ("expire_date");
CREATE INDEX "rooms_roomimage_room_id_6d75c603" ON "rooms_roomimage" ("room_id");
COMMIT;
